{"file_hashes":[{"block_hashes":["AbVJ7yhclLMYkZl8fVcovue1YED4hH8nn8RuXMJixOM="],"block_size":4096,"path":"_locales/as/messages.json"},{"block_hashes":["3fFoWaFfPrMzTWJBl1yjmIrD6vw9lkUqw6Sv02RMhVA="],"block_size":4096,"path":"_locales/be/messages.json"},{"block_hashes":["pIJmMpKpE7AqnN5GNcfJInC/PIcm/SdEddwsSQAZp8k="],"block_size":4096,"path":"_locales/cy/messages.json"},{"block_hashes":["pBZw1SQjumnHpl5+FT57mZTo3QNwxYS9oHFL1hxJxXg="],"block_size":4096,"path":"_locales/eu/messages.json"},{"block_hashes":["mJBxDfD78dtBvOQf4vYkJKO9OddV0p6Cl0TtPaDCzh0="],"block_size":4096,"path":"_locales/gl/messages.json"},{"block_hashes":["Cxbj+L2QSnZyhDRa6GoKmSfEev6J4F6isTrYAAm9+eQ="],"block_size":4096,"path":"_locales/hy/messages.json"},{"block_hashes":["lD5hmIyFm7CI9UiInwRJiFUl3WYGJqibpnsslM+/uxs="],"block_size":4096,"path":"_locales/is/messages.json"},{"block_hashes":["u7gcMvSCujIWybEYnHDO85yowhga81OP+ge0xq1S8Go="],"block_size":4096,"path":"_locales/iw/messages.json"},{"block_hashes":["MImLv1G91Y2zl/94DwYeM0MaOO9c/CiLUXfs92s5nyY="],"block_size":4096,"path":"_locales/ka/messages.json"},{"block_hashes":["VI3GyW4xoWzjVdxVxkgzsI7z+6i/MxSQMbSmhZWeOvQ="],"block_size":4096,"path":"_locales/kk/messages.json"},{"block_hashes":["phGPCg3jKeB8AfU81vtP7UPlTF9T20zRx/WytNn7EOY="],"block_size":4096,"path":"_locales/km/messages.json"},{"block_hashes":["iQgvsFIpgmvCIvXSLBWCNfAl8ObfZ/8TWhi9iZ4Tu48="],"block_size":4096,"path":"_locales/lo/messages.json"},{"block_hashes":["0K53Oa3qN5tjkNHuZWmfx42GSbeXdQOwYvNKUmkKV0Q="],"block_size":4096,"path":"_locales/mk/messages.json"},{"block_hashes":["YT2HUfbMnT+jGfS36osr077Tf9B3SCyoJZKd18Eqaag="],"block_size":4096,"path":"_locales/mn/messages.json"},{"block_hashes":["JDvvvWtnohQz3Ml9wacoiW06Bw3CAFXrBNZE4buVX+c="],"block_size":4096,"path":"_locales/my/messages.json"},{"block_hashes":["NMAOXgaQot/l5dR8bnrPcFJRDfgtkCzSs+vN7dfBphw="],"block_size":4096,"path":"_locales/ne/messages.json"},{"block_hashes":["T6fT7VtgA7Sws9HO3wp91kibljEbS8Mg6KPdFoUtWdk="],"block_size":4096,"path":"_locales/or/messages.json"},{"block_hashes":["u9N9Qbfeb5OUj6JDenaZ1MMKPDnnNheXAvISyzajEzw="],"block_size":4096,"path":"_locales/pa/messages.json"},{"block_hashes":["VCQevmUag0QjXMR6/SdMCAq668jDolr7ldg3O2pWcKI="],"block_size":4096,"path":"_locales/si/messages.json"},{"block_hashes":["6kLI+WwmzLValfH3u7rxUe026cc3xUuzxQgfP9uekGY="],"block_size":4096,"path":"_locales/sq/messages.json"},{"block_hashes":["MPRM+tBS1z2G0S+iDPwRFWOjsuRSO0P31m2TS6jazpE="],"block_size":4096,"path":"_locales/zh_HK/messages.json"},{"block_hashes":["7Hjd1MzzK1127HAaIBZ8P70UbXmlBeT7BCH8Hlz0qmM="],"block_size":4096,"path":"_locales/zu/messages.json"},{"block_hashes":["bGnOD+b6sU8ZkKMg1wT+42LBdcAOtskiSqb0EQiRjKY="],"block_size":4096,"path":"dasherSettingSchema.json"},{"block_hashes":["ufotUqT/q7Q4tWGEExuJOwRlWwHzNgZkFdT+g57+ZOc="],"block_size":4096,"path":"offscreendocument.html"},{"block_hashes":["EctpKZ5OcKzVj9Da9vElC4xBUrwpst4mKwW1G6xXqZA=","MB5z+YR9wGBoP3D/3bX0WN2gDHDvsoD6RfDkGYa2f28=","c3Q5IYA9SVoa8+Rm/yxzRKGym7Yui7GpcbOHrCq2LCU=","37ZKGb10yu73TZwITGwtvnlYgaG1p1pHJhVh8j+HEto=","mX0I0uhBKmQwIXNRUncQ3o4KnLyiDHIX619THlTBCCs=","qoDFOUJQLDpOHmxBo0A5xpad4Ert3Fd036eBsxFMutI=","o2lwT6O+wvDUe+cOVRJuYaYsWlE0B8/G8JGLRMPjEZs=","TkOZ86qi/zElHxFRlsC2jXeDlvFw9SW1rDL+d0gdEow=","YxGA0BFHo6xi2OfoUCNeVKI7RUjv2G3gJuYkp8XPHvI=","xz5DUqfKq6gPMLZKfTQv7W+vdWN0kcpsjnzRLhArfL4=","6GSbGG96X5lmM8BiiYjmql2f+P/Q/n3hnIsOOlvL+Zw=","Rt/3T7oLfN/wGgc+jdjA/Vp9/lcVB04AIE/AfvL/+oE=","rAQ4hlyU1MI6GlgiP89wmu5Gs2v6TykOHedwmaBOwgY=","ptbkqcfxc+GGqgp7+J1PuV8NE2bRZSABd6dcMjNtPUA=","XJwXYtSJIEi6a+YHAJJKc/CnMTCS0w1NBJKgXQziYeM=","PaY4g41UijC4bhQ83q7Lv72nrS2CcYZN04f4BmwK2HY=","9qloYDt3b0RVMGdiH96W9wLO+8zZeKyO3DUlWaiBsyI=","cxkNKkqOWqY9eHzgCL2pMtWZhSeBLXaVTo37paYuH8U=","VifL3tiggq8buD77f1kWsoJQyxvppGF/zYlEdGOcWPU=","KZzxjJN0IDFXIpGk4ShGOafmjeO7az3tSzc6l+TTR4w=","gPO1hIyGKCWldm+Cpq+JY2Fvt++VjsXHUa87rPWk/M8=","djAsp5GVW1Bb5DxsQG99T6p0XNgGBu+G94Ql4Zr5N7w=","VKU+83XhsmSyeeOZ4CBtrZ/YbuCT63ecpwTYYdAv5Qc=","FT4Mz4J7mVARwLC/l1olKtg4+6yUJDvy5M+yL1hvRn8=","7wWLPdijBKLB2C+p/5US/CbygJ6tmH6SUN4LKnFfMzk=","3vlOi6apI8a4SDxJj+QrMI/muGedcvxGCGrEW1hnFG8=","0+uBEjA0PYl5WIQGczoZBbTtBaVkuMLFi3gPM8CyP7U=","Qj1OQYY1D96AIeaoyvGKGrck9zYGcoenqU5/UL3LhVs=","qjthiZnVTsiS3jwXwESjZU4gjw5U6KpI9EHpQhnYbZ8="],"block_size":4096,"path":"offscreendocument_main.js"},{"block_hashes":["uJBPbtlbWy4Y+vWu4Ba6ROaPBDhkUwRd4pwRwMxquu4="],"block_size":4096,"path":"page_embed_script.js"},{"block_hashes":["1gdxMDnpsfYpF/7tHXlpnHD54TkuozX1GszIIqnQNbg=","QIkOSz85ZTR1dOs+KkkWJtuuq2h5d9Z8RnjB99FfSt8=","vJAOS/F9uFlNL1WQKAB+iXzKbw2nCQ2fnGg0CpMUi5s=","s5Q5ho3gcnOn0q2fmXq+swLz9f8U6xkH1v519vUk81k=","c2WeGJ1ao89DrD1lJkFxhQJ15FY7nrU4ZxECj9FIsks=","K8BSjbjiSawHiqITxdw3eTVizJ4F5BQlhFhocWyg+yU=","Af+M0ISPn/LVjt6VH8jF169QodK6louD0xduAP0UUgo=","FiZ+R1l4p98iBjFiLKaAnAQxCng+vUBZ9kcj7cBzdV4=","2Sp8wws+mkmUbcCFbeohyZmcFbRLLICOddxYJfEfdxs=","eMtiSkcc7a4ghjgfADvIY53mpknoFnHOconcPTx+v9g=","65B36/Gqs8RIvV5qQQedPbmxgE50ucymXKfXfTOjMQM=","khj4ecNI8WfqUWM/yoHDteQUvCDIBab9/oGLQZv8CYA=","vC9eKODaJweJ24/QdOHEmz4LCjxp3Zawp8GAX37PAaw=","EwXdm6DO/9em2TDdcwcAuutP7HhJC48zBSUc42ovmEg=","NKc4j36GDR1U2yKA1nN7LDOxdK8zhyMfQlI5LQqgOns=","IVV7KbNDNjTQatPb10o5Ylj5K4NgRENnxK7LZt4YcuI=","a+O3+WoK2rK9RtlqyJ1cirE/AxsO4GUKqonz1Q770+A=","dkosfWT4CyTbhc84jK9Jp7fENmg/vHJylJ5WfVD9e90=","I+TCOuKkxEnIb+5e0mUoUwAlW2uZY7bHsRU4pI7IpeY=","+af1thuf9Ukd9haD+AteIPSdyrFWDAgOZe07LhMkpbU=","LtVkfsN8MzBliH/gj7IKvBvxqWnOR/6Og/bOuSkuxwo=","WCW9Sk1KJlCk5DgG3OEI8UHL/Uosl1s3DjTA0vn5LNk=","tFxqfZhCb2MBOX4YBvVgDR+Fna5n/X/1t6H4M27NZZ8=","jx9Jb2VQHeoQB7WRdsUh72OhYjxhMzp5RZWrlWwDfLw=","+gyJY3B8QRhROGDix6ZgQ1Pe2S5Wus7rPp8BYv9NU+M=","QMPmbWsJYSvLgoAjdOXpvp2gFQh5IHvGz/aReSVnW6E=","HYUdA4vYmfEStB6Qg6MHKkgHrE+6aJUjhHZ54Yp8VY4=","7vwPOOS3oc8jpoWSDGIHYgjJeOrn1cyVY06ioTPmh4w=","ItNQkGW6cEzn8t0wGxLLWDaIEX4WuolgTtI/7jDebg8=","MnpuTcEwZEvub76Sb5pp/bwojhiKqM83pr96quwSuww="],"block_size":4096,"path":"service_worker_bin_prod.js"}],"version":2}